tc_us,Ge_WK,Cc,T2s_us,ea,Ts_mK,SNR,eps_pct,dominant_failure,g_d10,g_d3,g_d13,g_d18
0.03896737989436969,1.554804549213176e-05,0.05446958291571055,8.279569622054051,0.060428423048268995,10.272433094684267,0.00021560595512445908,0.03876466912424473,tau_c_detection,True,True,False,True
0.005939241908279472,1.3506262912949799e-05,0.07332192497176723,19.35819608310172,0.04692756360901014,10.303646019163274,0.00043645360655649443,0.5140730091767354,tau_c_detection,True,True,False,True
1.0672717588108978,2.0093150784172277e-05,0.17106924099115706,15.945976800407271,0.06289824731637605,10.212272884534292,0.12120576432773253,0.7979951407998873,tau_c_detection,True,True,False,True
0.0023259215860767066,2.5735116606324873e-05,0.14277796285463693,17.925603504661662,0.06618817162054097,10.166962167087382,0.0002848966022139733,0.8626006721491412,tau_c_detection,True,True,False,True
121.7518458348737,1.2234699090052681e-05,0.06196879653854413,8.491863295415454,0.02808011435277833,10.319874888573503,0.8044407167813284,0.0461843110619599,tau_c_detection,True,True,False,True
74.65313414652451,1.4254524177922065e-05,0.08142605461572316,9.004667330736702,0.09493236701699953,10.321578178612507,0.805476052120036,0.07541274161396917,tau_c_detection,True,True,False,True
28.549463419631344,2.322816994875873e-05,0.07451037406428926,10.691831626364719,0.09916186805092762,10.199163512584652,0.49461786384037465,0.1218155598633571,tau_c_detection,True,True,False,True
0.13865227753806458,2.607129800474524e-05,0.16639998673193673,8.435721079461565,0.022568019512323022,10.148003619235705,0.0025109317608691855,0.12765293104238257,tau_c_detection,True,True,False,True
0.007536905028219372,1.0483018978932085e-05,0.19963064097426658,12.642894405146968,0.02727275297390351,10.372444624031615,0.0005682723709012301,0.5256977662134675,tau_c_detection,True,True,False,True
17.096797224175035,2.4801984109074103e-05,0.11332399501995262,5.952915592279357,0.050529542920522946,10.166989093391447,0.05018756835942617,0.020672757491602765,tau_c_detection,True,True,False,True
0.13633316580506555,2.651949255586245e-05,0.05172215329142295,15.81082729040292,0.07453682952212598,10.165140427002994,0.004604625302093747,0.23787526228609268,tau_c_detection,True,True,False,True
0.12797124821126346,7.788804339896912e-06,0.11521478760036576,11.805855594938098,0.09630527420168641,10.590437182581075,0.004612069133383752,0.24867931008029953,tau_c_detection,True,True,False,True
74.43234325150725,9.466297013253284e-06,0.18689417590172308,18.057778547551504,0.04387558331589063,10.430297733649631,11.488411962552956,1.0731567257036074,eps_secondary_load,True,True,True,False
0.3919660532942852,2.406277000187878e-05,0.13090685451794387,16.679397179458377,0.062428293775614194,10.176857243210998,0.03767139863645814,0.6765028692417261,tau_c_detection,True,True,False,True
0.010644658082270438,7.14133630169697e-06,0.12289856949749207,6.038187777025755,0.08084817322057852,10.622247380428735,3.643213425565868e-05,0.023580764849462574,tau_c_detection,True,True,False,True
20.623801034830564,1.8745089837373598e-05,0.08975849434100888,18.086495616278864,0.05385103521607096,10.222509242788185,1.5922755551969596,0.5422305181059174,tau_c_detection,True,True,False,True
13.82314069169237,1.0028776584742397e-05,0.09675744369513425,19.927240349913422,0.07199024461115629,10.434097751124368,1.403047396764817,0.7055882808847354,tau_c_detection,True,True,False,True
0.0036978108130716223,1.0617433425788936e-05,0.1007128343221183,13.824630776858502,0.03840917860772616,10.378299778493885,0.00017680485781927592,0.33327258891342776,tau_c_detection,True,True,False,True
0.03324078470782393,7.460446778798973e-06,0.11039319231534032,10.08953908092445,0.0889338029082233,10.606123414280205,0.0007246771543443118,0.15031702093211097,tau_c_detection,True,True,False,True
27.93486566547015,2.4601765048714233e-05,0.1182512551008715,11.345112289852446,0.09658541126877386,10.187068496293515,0.913948508255203,0.23017795295513357,tau_c_detection,True,True,False,True
0.004374130359706912,1.960443986147428e-05,0.12542755743792705,17.790798380724283,0.03259461823515866,10.20210389159307,0.0004627059279682478,0.7436724041437232,tau_c_detection,True,True,False,True
0.09326587784965229,1.987587766125069e-05,0.15128188304061355,8.528058425013969,0.029590929115769937,10.197814900973944,0.0015932891944163941,0.1201244636380972,tau_c_detection,True,True,False,True
0.043059957355982725,2.0484537758302578e-05,0.11288373730038088,13.755084339368372,0.06182261724255671,10.20768265129665,0.0022771603610715996,0.37168037926475217,tau_c_detection,True,True,False,True
0.13231324417864093,1.6457138065464655e-05,0.1997681661281664,19.94144671782642,0.02586085768797064,10.236436016142612,0.028127595773442954,1.4919975209210896,tau_c_detection,True,True,False,False
202.8195055994592,2.9680826590787608e-05,0.1480964476566099,5.11734660728237,0.08536833080923693,10.151160519026968,0.3501965637505747,0.01216907333869153,tau_c_detection,True,True,False,True
68.96656825669405,8.357277859834193e-06,0.06731430056286533,6.605539665641265,0.06425789127078527,10.511567848683852,0.18914213759353363,0.018994554989902917,tau_c_detection,True,True,False,True
0.12463559734163147,1.558939431409316e-05,0.09150203359583775,5.0531853363167345,0.08168953784157017,10.285544293342701,0.00013025133809566392,0.007317111116685592,tau_c_detection,True,True,False,True
0.0015463773418640608,2.5414665139923226e-05,0.11904548520184133,9.577863010079009,0.08362763993222895,10.175835590558176,3.0817253913847454e-05,0.14028350679392218,tau_c_detection,True,True,False,True
1.5755314431313459,1.3206548779942664e-05,0.17965294130454296,19.50333656072542,0.04232999941774972,10.307263326505236,0.28787783902204844,1.2779759143584626,tau_c_detection,True,True,False,False
12.34196974221395,7.710063680367778e-06,0.11518456378469666,15.928175909790566,0.045094185135599305,10.529871688671655,0.9364594169358891,0.525056621560601,tau_c_detection,True,True,False,True
20.305607012215013,1.941470108741499e-05,0.0882083759207873,15.631779257512562,0.020135302257490356,10.197652529136699,1.1247449185836023,0.3894943422757102,tau_c_detection,True,True,False,True
0.4381272729078694,2.3548751945986914e-05,0.15059427566494993,10.463322076718965,0.025597904890104814,10.16521838543092,0.014542626892072072,0.23377464838058012,tau_c_detection,True,True,False,True
1.656544460217221,2.620038198765839e-05,0.15796313945209256,9.504834023168964,0.04474277297669226,10.15575566453958,0.04266156731895337,0.18146412706602105,tau_c_detection,True,True,False,True
172.84029131491428,1.8698430328392457e-05,0.05006089095459313,9.303705753033908,0.05439105199918677,10.223451642339262,1.2345013512262804,0.050160401255715976,tau_c_detection,True,True,False,True
0.02277881720975251,1.6053994982620187e-05,0.08205521014836506,12.097792788639895,0.09209446606626034,10.28381133201581,0.000625409768544939,0.1922514553410506,tau_c_detection,True,True,False,True
0.0038249506259864087,9.978248318164416e-06,0.053663808159023954,8.672638161175254,0.058010907537504416,10.422492252386794,2.4632896298474246e-05,0.044793711657087065,tau_c_detection,True,True,False,True
10.920067392437351,1.9886307961735495e-05,0.1925059412664734,18.37138888715656,0.06901218582094103,10.217491467571067,1.8809144671112348,1.209998360577864,tau_c_detection,True,True,False,False
0.09504251063543184,1.869679876527071e-05,0.18458121548498935,16.154831632393776,0.05797395494584427,10.225301753993689,0.012024723303675607,0.888448627180989,tau_c_detection,True,True,False,True
0.1931190902641824,2.4145342107429137e-05,0.12819497192419732,14.40122655472672,0.041967795753403064,10.167794464055932,0.012981403832521067,0.4733651374085106,tau_c_detection,True,True,False,True
448.0774968925265,1.2992739210469058e-05,0.1310228333777685,7.075610922742336,0.03850091837825494,10.30939274799345,2.8700562721056797,0.044795452850800103,tau_c_detection,True,True,False,True
0.6517340649588007,2.2388074662449203e-05,0.17850980484559015,16.483918641771044,0.05043048231421693,10.184728851371172,0.08334300428654667,0.8997817702430931,tau_c_detection,True,True,False,True
66.99165570155759,2.6336198764227614e-05,0.193014550770516,11.285319239447329,0.07980125351824406,10.168290429323836,3.4614505833287685,0.36385357699307497,tau_c_detection,True,True,False,True
1.7160634959112633,1.0485540865535903e-05,0.1153753964069955,5.435372299200729,0.0468903634958706,10.39136525198931,0.0033078896646454798,0.013427481180499214,tau_c_detection,True,True,False,True
32.74431157941482,1.6684753730807753e-05,0.0691441695921741,14.333854414610972,0.022157316152411014,10.231044968308678,1.1514430498625141,0.24686515706517664,tau_c_detection,True,True,False,True
0.04934944509960095,2.1068741200233394e-05,0.07035492308458464,11.925476660772675,0.024022770679090207,10.183851060357284,0.0011182878299810968,0.15945146025785498,tau_c_detection,True,True,False,True
0.004521159848791935,2.4030742697350677e-05,0.10686893233462046,16.280147353321773,0.08655394281242182,10.187184745849047,0.00033622742471264925,0.523201977145813,tau_c_detection,True,True,False,True
226.81446964901917,2.8740293317899723e-05,0.07990410235437995,5.305700259804985,0.03219058766278323,10.137574356772639,0.25419924155907864,0.007904049704335581,tau_c_detection,True,True,False,True
262.28792346108554,2.5482529357777127e-05,0.19470811595511317,6.621481244864099,0.022054274039797282,10.151220915233901,1.9960840284592025,0.053635777534488616,tau_c_detection,True,True,False,True
0.0065344711303641076,1.4916361037915683e-05,0.15725220575742027,6.1399471676459,0.07524915327463842,10.294107192920743,3.086903767093911e-05,0.03306218103266878,tau_c_detection,True,True,False,True
0.5992804669624391,2.6257330977219908e-05,0.14006174222252665,6.8158259760097275,0.09870754812117372,10.17604127986594,0.003992322072969116,0.04689420880808113,tau_c_detection,True,True,False,True
0.006987325340740477,1.4264271905451406e-05,0.1258941184515617,10.11846762291925,0.0879660501599662,10.316535719503168,0.00017533388901987278,0.175428905204276,tau_c_detection,True,True,False,True
0.14033445242481526,2.52049804701689e-05,0.13072593596723836,12.252462558247943,0.05484595944031154,10.165979136653103,0.006364142176519782,0.3193847366233321,tau_c_detection,True,True,False,True
76.32268387209072,2.5768275472265087e-05,0.06299943470835116,18.22446776004158,0.039509075135276475,10.15634737392683,4.045113465574414,0.3734405693619143,tau_c_detection,True,True,False,True
0.528093406703394,5.71749994425224e-06,0.17764292544686888,7.727597857365377,0.03696958801437912,10.700489470648595,0.007386030717451262,0.09600895389187375,tau_c_detection,True,True,False,True
576.2319210040656,2.252959375830504e-05,0.09144028636342774,5.152266716580157,0.0958450062221625,10.203743839995939,0.5893023739478903,0.007189096274548957,tau_c_detection,True,True,False,True
0.005551710412557558,2.3954116337061663e-05,0.15359140091697848,14.688543496114287,0.0592657068062869,10.176504409312727,0.00046870271374246805,0.5942710123677614,tau_c_detection,True,True,False,True
2.53530668549025,2.2294678882380047e-05,0.09593090451951328,13.723333779985511,0.05786083910076198,10.188953123487803,0.11306513170907724,0.3137231772790214,tau_c_detection,True,True,False,True
0.03472756617958717,1.3269782429898254e-05,0.15542824132786537,9.063746404642945,0.04011229409607532,10.30393186114085,0.0007527853691328083,0.15163816787686785,tau_c_detection,True,True,False,True
0.027260407871598603,1.81159217277152e-05,0.09244980549124326,6.507891621361861,0.03552940624728587,10.2201277948754,9.818786806207846e-05,0.02529941698787094,tau_c_detection,True,True,False,True
0.010238490783189252,1.835337723169158e-05,0.0911466990174901,19.61442396654107,0.06426871734388867,10.23306652170768,0.0009621764706027173,0.6596735717681798,tau_c_detection,True,True,False,True
0.029847596371809938,1.7271967363094472e-05,0.18090796024978023,13.610963294394987,0.05755175559444081,10.243695705527239,0.0024601469995973453,0.5782778475808029,tau_c_detection,True,True,False,True
0.045951876031060164,1.2634506107984011e-05,0.1431540981608223,14.144463683676957,0.0792071444387636,10.350483566593143,0.0033041946632576934,0.5018746436302519,tau_c_detection,True,True,False,True
4.018182306242651,2.1510703429800915e-05,0.07355856400713158,7.607203224896518,0.026005189512093435,10.180907819946531,0.021849172440244504,0.03826707769894666,tau_c_detection,True,True,False,True
22.724745580259142,2.4695700666168284e-05,0.1437587010746333,14.917745642800519,0.09469347667564107,10.185475496698336,1.8377411778377715,0.5689942245705489,tau_c_detection,True,True,False,True
980.9836668929256,2.771028613031515e-05,0.17399467394750895,6.071147552837212,0.033273823137657976,10.143111677672646,3.867047721117659,0.027793634808070705,tau_c_detection,True,True,False,True
10.087357599216379,1.2215264707646045e-05,0.06865304872620624,15.330169868181407,0.07597869479805738,10.359867545542068,0.4177401487247899,0.2889115432783935,tau_c_detection,True,True,False,True
0.005377929355711217,7.011046297482525e-06,0.05597911762754196,11.48042996241159,0.045785726668664,10.583433632666427,8.730403557695247e-05,0.1120518745170198,tau_c_detection,True,True,False,True
0.14324788145120662,2.5898965347654534e-05,0.13627986638298958,19.261794167095285,0.09996579335019612,10.178941714572037,0.019352796775686285,0.9508618212514107,tau_c_detection,True,True,False,True
48.15451379228628,2.3906720760313928e-05,0.12057512348774505,14.772642341505296,0.0932858230341414,10.190956911090746,3.1429666460925114,0.45910125802017254,tau_c_detection,True,True,False,True
4.351182196326088,2.2341841849585812e-05,0.09323266930421836,19.177903093448162,0.08508528277903782,10.200743920890693,0.39828838536618677,0.6435579299293448,tau_c_detection,True,True,False,True
11.775412252822806,1.6536197354469585e-05,0.06761992236343364,17.482147606533523,0.05987004037657562,10.256024151468948,0.6413429874785991,0.38188966733985424,tau_c_detection,True,True,False,True
8.262715000837884,2.551373682963946e-05,0.092425847492424,9.478337746576509,0.06695501779313288,10.16876906093863,0.1229775372761801,0.10480500469742333,tau_c_detection,True,True,False,True
0.37516196492939635,1.8464514442596844e-05,0.10176859125395114,13.278761256062165,0.06347440503669384,10.231168039057701,0.016332042886424748,0.3056133324378282,tau_c_detection,True,True,False,True
9.175488535829642,2.5285222564121923e-05,0.10791181287364736,14.955332442268022,0.08565980413676441,10.177688234856278,0.5639525763298936,0.43261543660722745,tau_c_detection,True,True,False,True
16.129046517710872,1.755727875332415e-05,0.13852706439643508,18.045504700433234,0.08993522992434468,10.25817996405053,1.919377539356432,0.834314425073352,tau_c_detection,True,True,False,True
1.0966680225589784,2.231761496467205e-05,0.1474754978868909,17.776479385260373,0.08818730692527145,10.202420993142736,0.13602692368636105,0.8719895323540356,tau_c_detection,True,True,False,True
0.9970770456577044,2.2350029069830864e-05,0.18551360930757294,5.689864530158192,0.08369147721297694,10.199989384096016,0.0038731645667760984,0.02731181534488612,tau_c_detection,True,True,False,True
0.11030969029659203,1.1020744796407826e-05,0.18692435240353322,7.1467658019276445,0.0568919930683998,10.38124187096397,0.001191811485234809,0.0752978267367542,tau_c_detection,True,True,False,True
0.5814668973054938,2.511582692437866e-05,0.18518141353983247,15.164163285486195,0.03263804976574296,10.1576685937963,0.06387277542433027,0.7739394205425086,tau_c_detection,True,True,False,True
1.1954901212451923,2.0973467559000303e-05,0.11364634076913466,8.751473366115519,0.0876243140114079,10.214968077809502,0.016784946257680768,0.09864354059457034,tau_c_detection,True,True,False,True
0.2295533383628169,1.2723322098815901e-05,0.11612347852442174,13.693607080526043,0.07858878143513906,10.34721437046935,0.012339694334364782,0.3752513480163138,tau_c_detection,True,True,False,True
0.5125332327965606,1.1424252114081559e-05,0.1737034718813611,12.22771744810612,0.08451907950350132,10.392174487642505,0.03070143560435328,0.41725027701981143,tau_c_detection,True,True,False,True
4.347986849297668,2.511469110051405e-05,0.10486625741083497,16.860229528834065,0.021113492408072095,10.153105823743035,0.3422356558557622,0.5546905560569253,tau_c_detection,True,True,False,True
0.07422927481012555,2.180851993377533e-05,0.1376840137478249,17.336259518401615,0.09522335134236434,10.210200540559057,0.008153278877437269,0.7718859555370421,tau_c_detection,True,True,False,True
8.729652413022086,1.2554754363231256e-05,0.11124437836931192,7.0966551876083175,0.09570092263055571,10.365591461826673,0.05450616253252609,0.04354765830286722,tau_c_detection,True,True,False,True
1.8404629771571133,2.3556725369132895e-05,0.07317843536147525,11.223267911552105,0.02792173077684228,10.166111857943013,0.03658218591830557,0.13998397464619933,tau_c_detection,True,True,False,True
0.006235007738716966,5.817907171376173e-06,0.10557949381016532,11.650746290910526,0.09604441358811416,10.789988682361583,0.00019875009770645754,0.21790793990038182,tau_c_detection,True,True,False,True
0.009490252175953671,1.8611646537053623e-05,0.19667637941780702,10.38010761818477,0.05185117141954984,10.223024182178696,0.00040244894309578145,0.2978218382741731,tau_c_detection,True,True,False,True
0.053408553440030336,8.148097132701073e-06,0.13468669638619452,6.029152292365339,0.08121259007108676,10.545469024744069,0.00019891158633188885,0.025753099802175727,tau_c_detection,True,True,False,True
0.014371557690111182,1.3213988835805762e-05,0.07213312699121656,18.507965534476373,0.020226844118401307,10.290445288373721,0.0009484826213622029,0.4619783749478128,tau_c_detection,True,True,False,True
923.2561308969351,1.309428654905056e-05,0.07613693021092659,5.785985267917648,0.07933744455633196,10.338115776620738,1.2969906526329886,0.009810861517894889,tau_c_detection,True,True,False,True
0.0022229018904764033,2.445042598285507e-05,0.12698569364137877,6.635810150057684,0.060307095182865714,10.173378689749619,1.1986802073201255e-05,0.037963271353520775,tau_c_detection,True,True,False,True
6.789773517055472,2.6674522693995958e-05,0.1282176822069626,11.870637831465233,0.0971220946497623,10.172558451159707,0.2756468677309434,0.2858221438110504,tau_c_detection,True,True,False,True
17.557177485913837,1.187539998894883e-05,0.14496150864515234,13.22534651072541,0.04601483546549344,10.34495670552988,1.068931347606249,0.4250538661671461,tau_c_detection,True,True,False,True
2.1277333565882746,1.0375576658187423e-05,0.11773323739479225,8.427403615468767,0.04711452950681402,10.39562049162493,0.027142827441768613,0.0888435432786981,tau_c_detection,True,True,False,True
0.003444026346373888,1.5669100156523952e-05,0.14976617945904636,10.614515351533054,0.0322111139814979,10.252605932211281,0.00011894439007622553,0.2421996780310023,tau_c_detection,True,True,False,True
49.1723157753509,7.330752542591936e-06,0.06448466488486784,16.081939977330737,0.0849415428221914,10.61161056119311,2.0867468150117823,0.29253082855741985,tau_c_detection,True,True,False,True
179.42808577948728,2.9209965632786864e-05,0.14006151368370157,10.274692785397235,0.06623348147118839,10.147031602826834,4.868618061147968,0.1912753348659171,tau_c_detection,True,True,False,True
0.0011190418155339048,1.1686193128852767e-05,0.07706241079412816,15.540481592984072,0.044718775106392814,10.349152824307907,5.400135826939173e-05,0.3368365137316761,tau_c_detection,True,True,False,True
930.8808498248666,1.915802736903441e-05,0.11011765159992734,7.128119812269031,0.07065376101244111,10.226436571778127,4.572691818618597,0.03449283314456057,tau_c_detection,True,True,False,True
34.73349238058211,1.549581234411258e-05,0.10113439726539993,10.55079638715506,0.07772767741941386,10.284757057351902,0.7837723145608647,0.1580002021358402,tau_c_detection,True,True,False,True
0.18448954536807768,1.605110466744448e-05,0.09097502665471544,16.324147155025564,0.02910540064881614,10.24450578619319,0.011753192500527036,0.44694262784795175,tau_c_detection,True,True,False,True
0.0011521172714347697,1.7165818834106273e-05,0.15006988381045244,5.681260439066413,0.051621071687010314,10.24179394175935,3.594257486147691e-06,0.021889592529092228,tau_c_detection,True,True,False,True
0.0037722804488736594,1.4505186142880905e-05,0.15555068950739956,12.5039351983432,0.08666833619359027,10.310378237926345,0.0002148928060034115,0.39837658160158096,tau_c_detection,True,True,False,True
38.654267437780014,6.057556539069785e-06,0.05281123048784686,18.817436517536187,0.08896880108896532,10.746824138761104,1.879633720342675,0.3330802676284581,tau_c_detection,True,True,False,True
88.10531463198127,1.5442348996087016e-05,0.06727600589956974,5.3128483853712325,0.045981454355641105,10.265192997764405,0.08634446572819506,0.006868502111894063,tau_c_detection,True,True,False,True
15.548924114009536,2.7994243793534615e-05,0.06321948219468271,17.667265397220454,0.03946531798581869,10.143921920958658,0.8084001296003409,0.366552576990647,tau_c_detection,True,True,False,True
0.008169831862310743,1.2756864045896532e-05,0.1009269921722696,9.99602933739698,0.033450616643654923,10.311082705798965,0.00015799765857625971,0.1352379542762221,tau_c_detection,True,True,False,True
0.07765166845195011,2.764806828950126e-05,0.10240628982085706,15.910686585108566,0.08551588812198815,10.162420749269891,0.0052547953246883826,0.4766719790339653,tau_c_detection,True,True,False,True
0.26458394105593935,2.6606171870785405e-05,0.14408261103496578,7.264361020896154,0.025462900679660488,10.146140095340627,0.0023567130890862964,0.06279224360342202,tau_c_detection,True,True,False,True
27.197624327503508,2.660625084813098e-05,0.17829400571841358,14.225125826233604,0.060565425386716415,10.15933682758439,2.4274976529934804,0.6287939635256061,tau_c_detection,True,True,False,True
6.3831084547273,2.7396919138920065e-05,0.11746005554763596,17.147238765469567,0.07214699637188879,10.158939992116654,0.5822607599603316,0.6426496825256703,tau_c_detection,True,True,False,True
10.874067186556378,6.5468425025275185e-06,0.06552528159055875,18.486902509336606,0.04747502206706141,10.62773600049723,0.6464554867616794,0.40948635104736103,tau_c_detection,True,True,False,True
0.9612046360480226,1.1193593089957106e-05,0.11566374114638496,11.591326876439366,0.06181984282124364,10.379714736223082,0.033048798248816125,0.2396405466237824,tau_c_detection,True,True,False,True
0.0033674009822270263,1.5219234931183009e-05,0.10075507202621295,13.968287935744844,0.08313815452509318,10.293444404293936,0.00016495819938459397,0.3428561207824807,tau_c_detection,True,True,False,True
1.3666706716351709,1.956848786466049e-05,0.07121425708764768,10.247311813037665,0.09741572061541957,10.235533428125006,0.020129451395755626,0.10337749854012347,tau_c_detection,True,True,False,True
229.57849257577644,2.845005498914402e-05,0.09643728311239415,10.650189590844503,0.0833329566290835,10.157074621687842,4.68048601677876,0.14364437567564692,tau_c_detection,True,True,False,True
0.7845574862048176,2.346936680323707e-05,0.15281216604163644,12.89590009601261,0.07168198565867903,10.185361787733607,0.047654970643499904,0.4273742986661614,tau_c_detection,True,True,False,True
0.012604418817825357,9.506573071921118e-06,0.08212889918133506,19.215024013015203,0.05890167366981819,10.44406396249154,0.0010246364401955506,0.5648399497272162,tau_c_detection,True,True,False,True
0.002004379437968042,2.6110709717147084e-05,0.06517111455018412,16.56312080544652,0.08680958613076448,10.17249241622959,9.469097308146521e-05,0.33260452149545733,tau_c_detection,True,True,False,True
3.5775826725724604,9.138479143601468e-06,0.11565101077075203,11.162879172448005,0.07410903377508263,10.478597529837097,0.1104711966334053,0.2142007540895169,tau_c_detection,True,True,False,True
5.650993922923192,2.3713412952385908e-05,0.11733919445500107,13.010167245473918,0.04475743172502317,10.172181160492,0.26834673962400657,0.3343317605136607,tau_c_detection,True,True,False,True
1.1349571718413123,1.4196023955625821e-05,0.1920695255366185,19.766596902973664,0.05693439827527913,10.296007940750233,0.2274440128257801,1.4024061144915343,tau_c_detection,True,True,False,False
4.064657174530345,2.763265522445603e-05,0.07210229839874065,11.562088402924713,0.09571306104094086,10.166094408069112,0.08632796705924807,0.1495766210685369,tau_c_detection,True,True,False,True
0.9983926780360182,5.666754770073464e-06,0.057988533075661174,12.530106720398534,0.03886224590907461,10.710275514570819,0.02131446852815159,0.14648258478223067,tau_c_detection,True,True,False,True
0.19725825117936432,2.827064761874883e-05,0.1758764431417409,14.749410264412727,0.08331045099857409,10.157944099614728,0.019267728445497522,0.6881856691336972,tau_c_detection,True,True,False,True
0.0043033450516741225,2.2401799714399592e-05,0.07081890377272794,15.583042629336207,0.05588811791857973,10.187051772975815,0.00019212138525683087,0.3140931593889922,tau_c_detection,True,True,False,True
0.20174957304489297,2.5874077482059526e-05,0.13232063681657533,15.908521779873977,0.06222172047093795,10.16441793833308,0.017633372769958782,0.6155944600391055,tau_c_detection,True,True,False,True
82.8851374880426,5.4108838051473615e-06,0.12730635953141092,8.6290720163149,0.031486147219700805,10.729709211346481,1.206347831485876,0.0997734765107015,tau_c_detection,True,True,False,True
16.16127285285767,1.5414189880213497e-05,0.14965569526130137,6.284209324808927,0.09797235927617774,10.299168878800206,0.08028849586371928,0.034760808172599016,tau_c_detection,True,True,False,True
4.586027129787089,2.2384731299901597e-05,0.14476037716375068,17.1724652277141,0.02504804296257797,10.173589173690061,0.5180652998030228,0.7952871804034889,tau_c_detection,True,True,False,True
1.239247770032322,8.111875206109585e-06,0.10520287614720096,18.342297755184223,0.0794646164415697,10.546173194406734,0.11721551179651554,0.6540224978038678,tau_c_detection,True,True,False,True
69.30405257268451,6.68083407655272e-06,0.16677730602602983,10.49492709660723,0.05062835213510222,10.61975611075803,2.501979832488316,0.24876031485979236,tau_c_detection,True,True,False,True
1.5285243711834877,2.872058823163891e-05,0.10580200677060257,16.446267076978696,0.06591374226671165,10.149480663770158,0.11514819365656721,0.5309774129012281,tau_c_detection,True,True,False,True
31.144523167642873,1.124029132733495e-05,0.06701729188775271,16.035122892191417,0.059923516820517345,10.376551555588575,1.3777265528050382,0.30836708395213264,tau_c_detection,True,True,False,True
8.503575304886041,1.1507244278497585e-05,0.11694096686084245,19.945476682321413,0.04284615021585264,10.353205442367692,1.0503765938311034,0.8620237928698333,tau_c_detection,True,True,False,True
0.04053619396893662,2.8183111418079445e-05,0.14565500338460247,16.905445757675043,0.06070045961394406,10.150409272340942,0.004474775243228308,0.7780359704194914,tau_c_detection,True,True,False,True
25.892588624375936,2.475932652019373e-05,0.053942604021239855,13.310321558893929,0.04951289324009766,10.166827357412481,0.5937078093903776,0.1614796357649871,tau_c_detection,True,True,False,True
0.5703195323878768,6.843767822780976e-06,0.1958569597270649,14.635078840795723,0.05599795965303969,10.612929598262507,0.06081025685801273,0.7349438262744767,tau_c_detection,True,True,False,True
0.5863874390275755,8.104028015975305e-06,0.0729523200215301,7.469856198351863,0.045812860092364446,10.505063326862437,0.002952693352062827,0.034885708343497836,tau_c_detection,True,True,False,True
0.010031418775482519,2.737314792052811e-05,0.17689005592337986,8.759079634729988,0.07080456731101968,10.158629444945294,0.00022001096012525925,0.15451747097155036,tau_c_detection,True,True,False,True
186.14997707519547,1.8336950744209514e-05,0.12538597171118943,7.529538526215604,0.09532855902948767,10.25006568228409,1.5688963181064708,0.05911274514108184,tau_c_detection,True,True,False,True
0.002310438571890397,2.0128472696546386e-05,0.17637950061700836,13.454270516469437,0.08601890138613057,10.223152458795285,0.00018061615715301148,0.5490134046415155,tau_c_detection,True,True,False,True
9.645049949316933,1.9419280786934477e-05,0.14766949662284,16.504385013744667,0.053326942693059695,10.214624270856689,1.0161823280745064,0.7402342134975689,tau_c_detection,True,True,False,True
0.2395912599835927,1.2241791420040146e-05,0.1934975254931608,12.244172272631294,0.08437505233725864,10.365841351287612,0.016050967059650815,0.46724121940231084,tau_c_detection,True,True,False,True
0.31670870025800907,6.4978258233667255e-06,0.11594082498806166,12.263766951610389,0.036321841085071895,10.615224201566628,0.012770314515301332,0.277901063880639,tau_c_detection,True,True,False,True
31.132193849422876,2.335499387011367e-05,0.1791166048631488,19.630611918723204,0.030461292124190915,10.168608628579925,5.618207004550561,1.2707802020030783,eps_secondary_load,True,True,True,False
1.1835828618913709,1.666181417601591e-05,0.09012075116812737,8.718783237883185,0.027744932204845717,10.234685481521261,0.013002656971521392,0.07710976549397164,tau_c_detection,True,True,False,True
0.31748218961999225,1.1206757009529664e-05,0.17979612525810768,7.395494931952415,0.0461948656640956,10.365513027213197,0.0037847255141068847,0.08314436400655101,tau_c_detection,True,True,False,True
0.003874841995259591,1.4148433812939077e-05,0.1100872431522135,13.55422465821544,0.03557242415101752,10.282001005510294,0.00019283079585795965,0.34849517554463105,tau_c_detection,True,True,False,True
11.829874294725352,2.4872430709523645e-05,0.10086279499288481,19.084228504330632,0.08039721378342352,10.178364382350127,1.151345044493033,0.6850141846130033,tau_c_detection,True,True,False,True
70.80830187026805,6.1325838116768685e-06,0.07055545603512807,9.995610580291508,0.0578995320316152,10.686928402731175,0.9289540712568308,0.09011494225889213,tau_c_detection,True,True,False,True
0.2476707619409265,1.3199146190913159e-05,0.14196021815970172,7.437530688154092,0.0992492590048912,10.350595979773972,0.002385160609283717,0.06721611469068572,tau_c_detection,True,True,False,True
0.884835378825471,2.5707234648934397e-05,0.12985097448138147,15.631097096531569,0.0439832451789931,10.158527251655036,0.07293082185060308,0.5806928106042281,tau_c_detection,True,True,False,True
0.0016337185479475054,2.9497450779479047e-05,0.13755532127731795,16.95132220895221,0.07802593700414842,10.149676888719409,0.00017080918811527516,0.7369212426508527,tau_c_detection,True,True,False,True
0.0017888095579754286,2.072563102863409e-05,0.14296037082516344,17.617506874373966,0.03182205666402654,10.190730481670784,0.00021167453256567317,0.8323673572913488,tau_c_detection,True,True,False,True
1.9187538956963877,7.747388033342422e-06,0.05284060512599189,9.705387251687828,0.032114500649547635,10.510619765206696,0.017669981514543086,0.06378460251221174,tau_c_detection,True,True,False,True
0.04557573064681667,2.801302374743027e-05,0.18092265633684806,16.037559069030223,0.024982502881154556,10.138575034248941,0.005554237646111285,0.859439981989686,tau_c_detection,True,True,False,True
0.5477925751240056,2.1555669992858725e-05,0.12882157271000533,9.706288981067257,0.03385459390858622,10.18438262683567,0.012310072372949744,0.15812127463243936,tau_c_detection,True,True,False,True
0.0345233835384433,2.429974460371852e-05,0.15813868419909394,14.649636499991926,0.07546506480238567,10.180622770596848,0.0029807626349288834,0.6076311967892558,tau_c_detection,True,True,False,True
0.04552210737486135,1.8952166270185104e-05,0.08373005569892251,19.59365941385854,0.04380916522215263,10.214799878495336,0.00392084167095488,0.6051390938125076,tau_c_detection,True,True,False,True
0.009440453248877224,1.29260186254612e-05,0.102320476130196,19.005505621562012,0.08363242848018669,10.345742385072706,0.0009335520587676703,0.6903638795950002,tau_c_detection,True,True,False,True
0.21067898431016063,1.4492354634359564e-05,0.19702408059820437,17.275661901958436,0.09636870907131691,10.317345921706659,0.0329594049378817,1.0936726352495292,tau_c_detection,True,True,False,False
0.04135652669204704,2.2853532187459885e-05,0.10195452711434248,11.635641677972533,0.04051551803787857,10.176731435893911,0.0012681789035440861,0.21584674578347682,tau_c_detection,True,True,False,True
0.08702906291469052,2.8325598344582693e-05,0.15442569509702342,7.059094322013845,0.06925416275315939,10.152754521693595,0.0007399090848743956,0.0599149643344814,tau_c_detection,True,True,False,True
0.0063732248115557655,1.827603724331998e-05,0.14569168601129567,5.787366602591943,0.0530641092838607,10.227927502861515,2.1144176091156477e-05,0.02329436648042898,tau_c_detection,True,True,False,True
0.005196198869577044,9.986399366690043e-06,0.19458710583364036,9.817515531787501,0.07167183343122159,10.4358559929304,0.00018319797546168974,0.245066564479475,tau_c_detection,True,True,False,True
0.18901367178151832,2.6918579197948086e-05,0.05139007527201497,13.51942802996743,0.02858405526188304,10.145703874423564,0.00436047836074777,0.16263462819233787,tau_c_detection,True,True,False,True
0.034873150671565184,1.8582512088924375e-05,0.12408686305127288,19.07840752611309,0.08808477908623974,10.242947354971358,0.004217139771406835,0.848452501342996,tau_c_detection,True,True,False,True
13.250896801178726,2.393206875643903e-05,0.07632423707576971,17.842197564101866,0.09176342094271801,10.190253248954763,0.8520445006973234,0.4523115865818866,tau_c_detection,True,True,False,True
0.12197819893924515,2.1731396335248857e-05,0.077717180157101,7.109178134514478,0.04588813360680662,10.188276407202881,0.0005360491256805793,0.030916136175270132,tau_c_detection,True,True,False,True
0.05662768498874987,1.2774448709616507e-05,0.06761236187671646,18.74195578775953,0.04360300801249975,10.318642601714496,0.0036014621671819334,0.4445820865103816,tau_c_detection,True,True,False,True
5.842848358170553,8.829639117229481e-06,0.1621602255726285,14.086084221336042,0.05326764923449798,10.471910220424911,0.46902378227357705,0.5570196164826275,tau_c_detection,True,True,False,True
0.004518168795217057,2.1602360983491597e-05,0.0827617433985989,8.711981439628667,0.08037916397798923,10.205511847787943,4.547759334738949e-05,0.07075071319241913,tau_c_detection,True,True,False,True
11.063599569415208,2.2594153128896815e-05,0.061715408322116035,13.462530834102123,0.024940643804534705,10.171882145981884,0.3010030074944073,0.19155210188105928,tau_c_detection,True,True,False,True
46.25742224967791,8.746309534560358e-06,0.09921764566133098,12.805123117771807,0.02929920177477314,10.448805976166362,1.746828075973137,0.26233038647513485,tau_c_detection,True,True,False,True
0.0028966381581970306,1.7759383850820863e-05,0.1713038124765856,11.80148450269673,0.061059827456131324,10.238987275147727,0.00015505982576515198,0.37565548812918054,tau_c_detection,True,True,False,True
42.314588369277665,2.5172883813859814e-05,0.15849201197375035,10.939230649298862,0.08531625807465044,10.178298093265719,1.6560176452049125,0.2754548680788791,tau_c_detection,True,True,False,True
2.3061922643797304,1.5221673395481208e-05,0.1653458093875224,16.48741524385568,0.09826666279392808,10.303335695187148,0.2729505484638863,0.8279664341521227,tau_c_detection,True,True,False,True
196.94288927621332,1.4561990471284304e-05,0.18044304279660628,18.60150967286859,0.05005164270415901,10.283979828314882,28.815936973932015,1.024530821450796,eps_secondary_load,True,True,True,False
665.0665837186807,2.133835246046755e-05,0.10216548307087255,7.6771044350616755,0.0629806789118401,10.199820336486145,4.283337398976526,0.04528288543683002,tau_c_detection,True,True,False,True
18.008140400113298,5.086832373622695e-06,0.05341029909829499,9.47544483054473,0.07387998862212537,10.859646999328604,0.1545085523335782,0.058464063413712596,tau_c_detection,True,True,False,True
0.007993870530982106,1.1187800962594389e-05,0.10192396024814403,9.13474591692691,0.09499282889080535,10.409815067419096,0.00011675502571912128,0.10165065047425713,tau_c_detection,True,True,False,True
0.0064146609244016,1.5481014962293804e-05,0.16490802012708553,18.25634932768062,0.021251663709083966,10.248364361352268,0.0009421719987319843,1.0302494821190638,tau_c_detection,True,True,False,False
0.07494009303222064,1.994462241828882e-05,0.15549294002973932,5.730144818656237,0.07924328627838893,10.221905913892789,0.00025271617022603016,0.02368460026918268,tau_c_detection,True,True,False,True
191.29313757616669,1.9947941856931562e-05,0.15087978521553708,9.80997673089475,0.04414115481153626,10.204207300718014,4.833840290629629,0.1776300613850752,tau_c_detection,True,True,False,True
0.35471181828341947,1.7390519687325526e-05,0.1958435353015529,19.12379614747868,0.07370740197965779,10.251423502215005,0.06803122104797403,1.3450973442664356,tau_c_detection,True,True,False,False
0.2546193178921323,8.730440195629093e-06,0.10646902827606981,16.31624145857188,0.0578815056329776,10.482728704444868,0.018960622764885332,0.5164606882976703,tau_c_detection,True,True,False,True
0.011823389816134325,2.5144403998372172e-05,0.18721117607238585,13.435789243803638,0.09742289508373014,10.183277428328264,0.0009774374472534568,0.5817231843193166,tau_c_detection,True,True,False,True
0.0013263851466019758,1.8971261906813184e-05,0.12190913097063723,18.04210777286807,0.0466371448655057,10.216250216036306,0.0001407575445163119,0.7455374555950847,tau_c_detection,True,True,False,True
68.42460084470635,2.9051938902861474e-05,0.06759742991650018,19.993580105267178,0.05831367010738926,10.14511042340336,4.700059304692521,0.4842569601555175,tau_c_detection,True,True,False,True
0.7483012047216785,2.7878161489838913e-05,0.13281189388217218,16.632708230956556,0.050452939549833806,10.148452599371716,0.07246541666365552,0.6826021171625699,tau_c_detection,True,True,False,True
0.12195310979809872,1.4267623035781462e-05,0.11208952558679369,13.437870911965318,0.037701927865298024,10.280995171113206,0.006038411494855892,0.3467571651930239,tau_c_detection,True,True,False,True
136.0052381306855,2.136519915302555e-05,0.15272699185188593,8.859901364523244,0.08572735517538851,10.210318153372238,2.552561330884409,0.13189068037091045,tau_c_detection,True,True,False,True
221.67889458547296,2.1045236579559165e-05,0.058809807737109525,5.507356357470359,0.0877357906546178,10.21446501217923,0.22094190030247934,0.00700259679679914,tau_c_detection,True,True,False,True
11.113819971695701,1.530980556038982e-05,0.17638170752380228,8.471500881161683,0.07657356509627679,10.287212404411461,0.21572438433013869,0.13589398138139192,tau_c_detection,True,True,False,True
0.0011295328239634371,2.0445880896920076e-05,0.15001320943300098,14.24779041626507,0.05865633228974601,10.206417532793978,8.644693930528329e-05,0.5379318955303506,tau_c_detection,True,True,False,True
0.034312823468990464,2.5154192473685722e-05,0.18646600489981496,6.605246430417394,0.027705111220112676,10.155408889753785,0.00026623157598328897,0.054672331590299425,tau_c_detection,True,True,False,True
33.11444339422325,2.5380359767832066e-05,0.09009871050149537,10.953446337471075,0.04984412667709458,10.162797508470828,0.743093883982829,0.15806393393194274,tau_c_detection,True,True,False,True
9.973949039071453,1.4481600555995398e-05,0.1329052159294543,5.841724086934486,0.02075601381233045,10.265150378999566,0.031505582341314155,0.02213863825897434,tau_c_detection,True,True,False,True
